"REF_DATE","GEO","DGUID","Wages","Type of work","North American Industry Classification System (NAICS)","Sex","Age group","UOM","UOM_ID","SCALAR_FACTOR","SCALAR_ID","VECTOR","COORDINATE","VALUE","STATUS","SYMBOL","TERMINATED","DECIMALS"
"2019-01","Canada","2016A000011124","Average hourly wage rate","Both full- and part-time employees","Total employees, all industries","Both sexes","15 years and over","Current dollars","75","units","0","v2132579","1.2.1.1.1.1","27.36","","","","2"
"2019-02","Canada","2016A000011124","Average hourly wage rate","Both full- and part-time employees","Total employees, all industries","Both sexes","15 years and over","Current dollars","75","units","0","v2132579","1.2.1.1.1.1","27.54","","","","2"
"2019-03","Canada","2016A000011124","Average hourly wage rate","Both full- and part-time employees","Total employees, all industries","Both sexes","15 years and over","Current dollars","75","units","0","v2132579","1.2.1.1.1.1","27.61","","","","2"
"2019-04","Canada","2016A000011124","Average hourly wage rate","Both full- and part-time employees","Total employees, all industries","Both sexes","15 years and over","Current dollars","75","units","0","v2132579","1.2.1.1.1.1","27.69","","","","2"
"2019-05","Canada","2016A000011124","Average hourly wage rate","Both full- and part-time employees","Total employees, all industries","Both sexes","15 years and over","Current dollars","75","units","0","v2132579","1.2.1.1.1.1","27.65","","","","2"
"2019-06","Canada","2016A000011124","Average hourly wage rate","Both full- and part-time employees","Total employees, all industries","Both sexes","15 years and over","Current dollars","75","units","0","v2132579","1.2.1.1.1.1","27.83","","","","2"
"2019-07","Canada","2016A000011124","Average hourly wage rate","Both full- and part-time employees","Total employees, all industries","Both sexes","15 years and over","Current dollars","75","units","0","v2132579","1.2.1.1.1.1","27.81","","","","2"
"2019-08","Canada","2016A000011124","Average hourly wage rate","Both full- and part-time employees","Total employees, all industries","Both sexes","15 years and over","Current dollars","75","units","0","v2132579","1.2.1.1.1.1","27.66","","","","2"
"2019-09","Canada","2016A000011124","Average hourly wage rate","Both full- and part-time employees","Total employees, all industries","Both sexes","15 years and over","Current dollars","75","units","0","v2132579","1.2.1.1.1.1","28.13","","","","2"
"2019-10","Canada","2016A000011124","Average hourly wage rate","Both full- and part-time employees","Total employees, all industries","Both sexes","15 years and over","Current dollars","75","units","0","v2132579","1.2.1.1.1.1","28.21","","","","2"
"2019-11","Canada","2016A000011124","Average hourly wage rate","Both full- and part-time employees","Total employees, all industries","Both sexes","15 years and over","Current dollars","75","units","0","v2132579","1.2.1.1.1.1","28.28","","","","2"
"2019-12","Canada","2016A000011124","Average hourly wage rate","Both full- and part-time employees","Total employees, all industries","Both sexes","15 years and over","Current dollars","75","units","0","v2132579","1.2.1.1.1.1","28.20","","","","2"
"2020-01","Canada","2016A000011124","Average hourly wage rate","Both full- and part-time employees","Total employees, all industries","Both sexes","15 years and over","Current dollars","75","units","0","v2132579","1.2.1.1.1.1","28.52","","","","2"
"2020-02","Canada","2016A000011124","Average hourly wage rate","Both full- and part-time employees","Total employees, all industries","Both sexes","15 years and over","Current dollars","75","units","0","v2132579","1.2.1.1.1.1","28.66","","","","2"
"2020-03","Canada","2016A000011124","Average hourly wage rate","Both full- and part-time employees","Total employees, all industries","Both sexes","15 years and over","Current dollars","75","units","0","v2132579","1.2.1.1.1.1","29.33","","","","2"
"2020-04","Canada","2016A000011124","Average hourly wage rate","Both full- and part-time employees","Total employees, all industries","Both sexes","15 years and over","Current dollars","75","units","0","v2132579","1.2.1.1.1.1","30.71","","","","2"
"2020-05","Canada","2016A000011124","Average hourly wage rate","Both full- and part-time employees","Total employees, all industries","Both sexes","15 years and over","Current dollars","75","units","0","v2132579","1.2.1.1.1.1","30.56","","","","2"
"2019-01","Canada","2016A000011124","Average hourly wage rate","Both full- and part-time employees","Goods-producing sector","Both sexes","15 years and over","Current dollars","75","units","0","v2132654","1.2.1.2.1.1","29.62","","","","2"
"2019-02","Canada","2016A000011124","Average hourly wage rate","Both full- and part-time employees","Goods-producing sector","Both sexes","15 years and over","Current dollars","75","units","0","v2132654","1.2.1.2.1.1","30.00","","","","2"
"2019-03","Canada","2016A000011124","Average hourly wage rate","Both full- and part-time employees","Goods-producing sector","Both sexes","15 years and over","Current dollars","75","units","0","v2132654","1.2.1.2.1.1","29.99","","","","2"
"2019-04","Canada","2016A000011124","Average hourly wage rate","Both full- and part-time employees","Goods-producing sector","Both sexes","15 years and over","Current dollars","75","units","0","v2132654","1.2.1.2.1.1","29.90","","","","2"
"2019-05","Canada","2016A000011124","Average hourly wage rate","Both full- and part-time employees","Goods-producing sector","Both sexes","15 years and over","Current dollars","75","units","0","v2132654","1.2.1.2.1.1","29.46","","","","2"
"2019-06","Canada","2016A000011124","Average hourly wage rate","Both full- and part-time employees","Goods-producing sector","Both sexes","15 years and over","Current dollars","75","units","0","v2132654","1.2.1.2.1.1","29.70","","","","2"
"2019-07","Canada","2016A000011124","Average hourly wage rate","Both full- and part-time employees","Goods-producing sector","Both sexes","15 years and over","Current dollars","75","units","0","v2132654","1.2.1.2.1.1","29.54","","","","2"
"2019-08","Canada","2016A000011124","Average hourly wage rate","Both full- and part-time employees","Goods-producing sector","Both sexes","15 years and over","Current dollars","75","units","0","v2132654","1.2.1.2.1.1","29.47","","","","2"
"2019-09","Canada","2016A000011124","Average hourly wage rate","Both full- and part-time employees","Goods-producing sector","Both sexes","15 years and over","Current dollars","75","units","0","v2132654","1.2.1.2.1.1","30.05","","","","2"
"2019-10","Canada","2016A000011124","Average hourly wage rate","Both full- and part-time employees","Goods-producing sector","Both sexes","15 years and over","Current dollars","75","units","0","v2132654","1.2.1.2.1.1","30.28","","","","2"
"2019-11","Canada","2016A000011124","Average hourly wage rate","Both full- and part-time employees","Goods-producing sector","Both sexes","15 years and over","Current dollars","75","units","0","v2132654","1.2.1.2.1.1","30.41","","","","2"
"2019-12","Canada","2016A000011124","Average hourly wage rate","Both full- and part-time employees","Goods-producing sector","Both sexes","15 years and over","Current dollars","75","units","0","v2132654","1.2.1.2.1.1","30.30","","","","2"
"2020-01","Canada","2016A000011124","Average hourly wage rate","Both full- and part-time employees","Goods-producing sector","Both sexes","15 years and over","Current dollars","75","units","0","v2132654","1.2.1.2.1.1","30.62","","","","2"
"2020-02","Canada","2016A000011124","Average hourly wage rate","Both full- and part-time employees","Goods-producing sector","Both sexes","15 years and over","Current dollars","75","units","0","v2132654","1.2.1.2.1.1","30.56","","","","2"
"2020-03","Canada","2016A000011124","Average hourly wage rate","Both full- and part-time employees","Goods-producing sector","Both sexes","15 years and over","Current dollars","75","units","0","v2132654","1.2.1.2.1.1","31.05","","","","2"
"2020-04","Canada","2016A000011124","Average hourly wage rate","Both full- and part-time employees","Goods-producing sector","Both sexes","15 years and over","Current dollars","75","units","0","v2132654","1.2.1.2.1.1","31.92","","","","2"
"2020-05","Canada","2016A000011124","Average hourly wage rate","Both full- and part-time employees","Goods-producing sector","Both sexes","15 years and over","Current dollars","75","units","0","v2132654","1.2.1.2.1.1","31.35","","","","2"
"2019-01","Canada","2016A000011124","Average hourly wage rate","Both full- and part-time employees","Agriculture [111-112, 1100, 1151-1152]","Both sexes","15 years and over","Current dollars","75","units","0","v2132659","1.2.1.3.1.1","20.29","","","","2"
"2019-02","Canada","2016A000011124","Average hourly wage rate","Both full- and part-time employees","Agriculture [111-112, 1100, 1151-1152]","Both sexes","15 years and over","Current dollars","75","units","0","v2132659","1.2.1.3.1.1","20.18","","","","2"
"2019-03","Canada","2016A000011124","Average hourly wage rate","Both full- and part-time employees","Agriculture [111-112, 1100, 1151-1152]","Both sexes","15 years and over","Current dollars","75","units","0","v2132659","1.2.1.3.1.1","19.92","","","","2"
"2019-04","Canada","2016A000011124","Average hourly wage rate","Both full- and part-time employees","Agriculture [111-112, 1100, 1151-1152]","Both sexes","15 years and over","Current dollars","75","units","0","v2132659","1.2.1.3.1.1","19.47","","","","2"
"2019-05","Canada","2016A000011124","Average hourly wage rate","Both full- and part-time employees","Agriculture [111-112, 1100, 1151-1152]","Both sexes","15 years and over","Current dollars","75","units","0","v2132659","1.2.1.3.1.1","19.05","","","","2"
"2019-06","Canada","2016A000011124","Average hourly wage rate","Both full- and part-time employees","Agriculture [111-112, 1100, 1151-1152]","Both sexes","15 years and over","Current dollars","75","units","0","v2132659","1.2.1.3.1.1","19.10","","","","2"
"2019-07","Canada","2016A000011124","Average hourly wage rate","Both full- and part-time employees","Agriculture [111-112, 1100, 1151-1152]","Both sexes","15 years and over","Current dollars","75","units","0","v2132659","1.2.1.3.1.1","19.42","","","","2"
"2019-08","Canada","2016A000011124","Average hourly wage rate","Both full- and part-time employees","Agriculture [111-112, 1100, 1151-1152]","Both sexes","15 years and over","Current dollars","75","units","0","v2132659","1.2.1.3.1.1","19.16","","","","2"
"2019-09","Canada","2016A000011124","Average hourly wage rate","Both full- and part-time employees","Agriculture [111-112, 1100, 1151-1152]","Both sexes","15 years and over","Current dollars","75","units","0","v2132659","1.2.1.3.1.1","19.91","","","","2"
"2019-10","Canada","2016A000011124","Average hourly wage rate","Both full- and part-time employees","Agriculture [111-112, 1100, 1151-1152]","Both sexes","15 years and over","Current dollars","75","units","0","v2132659","1.2.1.3.1.1","19.92","","","","2"
"2019-11","Canada","2016A000011124","Average hourly wage rate","Both full- and part-time employees","Agriculture [111-112, 1100, 1151-1152]","Both sexes","15 years and over","Current dollars","75","units","0","v2132659","1.2.1.3.1.1","20.83","","","","2"
"2019-12","Canada","2016A000011124","Average hourly wage rate","Both full- and part-time employees","Agriculture [111-112, 1100, 1151-1152]","Both sexes","15 years and over","Current dollars","75","units","0","v2132659","1.2.1.3.1.1","21.30","","","","2"
"2020-01","Canada","2016A000011124","Average hourly wage rate","Both full- and part-time employees","Agriculture [111-112, 1100, 1151-1152]","Both sexes","15 years and over","Current dollars","75","units","0","v2132659","1.2.1.3.1.1","20.92","","","","2"
"2020-02","Canada","2016A000011124","Average hourly wage rate","Both full- and part-time employees","Agriculture [111-112, 1100, 1151-1152]","Both sexes","15 years and over","Current dollars","75","units","0","v2132659","1.2.1.3.1.1","20.77","","","","2"
"2020-03","Canada","2016A000011124","Average hourly wage rate","Both full- and part-time employees","Agriculture [111-112, 1100, 1151-1152]","Both sexes","15 years and over","Current dollars","75","units","0","v2132659","1.2.1.3.1.1","20.41","","","","2"
"2020-04","Canada","2016A000011124","Average hourly wage rate","Both full- and part-time employees","Agriculture [111-112, 1100, 1151-1152]","Both sexes","15 years and over","Current dollars","75","units","0","v2132659","1.2.1.3.1.1","20.00","","","","2"
"2020-05","Canada","2016A000011124","Average hourly wage rate","Both full- and part-time employees","Agriculture [111-112, 1100, 1151-1152]","Both sexes","15 years and over","Current dollars","75","units","0","v2132659","1.2.1.3.1.1","20.63","","","","2"
"2019-01","Canada","2016A000011124","Average hourly wage rate","Both full- and part-time employees","Forestry, fishing, mining, quarrying, oil and gas [21, 113-114, 1153, 2100]","Both sexes","15 years and over","Current dollars","75","units","0","v2132584","1.2.1.4.1.1","40.11","","","","2"
"2019-02","Canada","2016A000011124","Average hourly wage rate","Both full- and part-time employees","Forestry, fishing, mining, quarrying, oil and gas [21, 113-114, 1153, 2100]","Both sexes","15 years and over","Current dollars","75","units","0","v2132584","1.2.1.4.1.1","39.92","","","","2"
"2019-03","Canada","2016A000011124","Average hourly wage rate","Both full- and part-time employees","Forestry, fishing, mining, quarrying, oil and gas [21, 113-114, 1153, 2100]","Both sexes","15 years and over","Current dollars","75","units","0","v2132584","1.2.1.4.1.1","40.28","","","","2"
"2019-04","Canada","2016A000011124","Average hourly wage rate","Both full- and part-time employees","Forestry, fishing, mining, quarrying, oil and gas [21, 113-114, 1153, 2100]","Both sexes","15 years and over","Current dollars","75","units","0","v2132584","1.2.1.4.1.1","40.98","","","","2"
"2019-05","Canada","2016A000011124","Average hourly wage rate","Both full- and part-time employees","Forestry, fishing, mining, quarrying, oil and gas [21, 113-114, 1153, 2100]","Both sexes","15 years and over","Current dollars","75","units","0","v2132584","1.2.1.4.1.1","39.19","","","","2"
"2019-06","Canada","2016A000011124","Average hourly wage rate","Both full- and part-time employees","Forestry, fishing, mining, quarrying, oil and gas [21, 113-114, 1153, 2100]","Both sexes","15 years and over","Current dollars","75","units","0","v2132584","1.2.1.4.1.1","38.98","","","","2"
"2019-07","Canada","2016A000011124","Average hourly wage rate","Both full- and part-time employees","Forestry, fishing, mining, quarrying, oil and gas [21, 113-114, 1153, 2100]","Both sexes","15 years and over","Current dollars","75","units","0","v2132584","1.2.1.4.1.1","38.84","","","","2"
"2019-08","Canada","2016A000011124","Average hourly wage rate","Both full- and part-time employees","Forestry, fishing, mining, quarrying, oil and gas [21, 113-114, 1153, 2100]","Both sexes","15 years and over","Current dollars","75","units","0","v2132584","1.2.1.4.1.1","38.89","","","","2"
"2019-09","Canada","2016A000011124","Average hourly wage rate","Both full- and part-time employees","Forestry, fishing, mining, quarrying, oil and gas [21, 113-114, 1153, 2100]","Both sexes","15 years and over","Current dollars","75","units","0","v2132584","1.2.1.4.1.1","39.49","","","","2"
"2019-10","Canada","2016A000011124","Average hourly wage rate","Both full- and part-time employees","Forestry, fishing, mining, quarrying, oil and gas [21, 113-114, 1153, 2100]","Both sexes","15 years and over","Current dollars","75","units","0","v2132584","1.2.1.4.1.1","39.23","","","","2"
"2019-11","Canada","2016A000011124","Average hourly wage rate","Both full- and part-time employees","Forestry, fishing, mining, quarrying, oil and gas [21, 113-114, 1153, 2100]","Both sexes","15 years and over","Current dollars","75","units","0","v2132584","1.2.1.4.1.1","39.57","","","","2"
"2019-12","Canada","2016A000011124","Average hourly wage rate","Both full- and part-time employees","Forestry, fishing, mining, quarrying, oil and gas [21, 113-114, 1153, 2100]","Both sexes","15 years and over","Current dollars","75","units","0","v2132584","1.2.1.4.1.1","39.56","","","","2"
"2020-01","Canada","2016A000011124","Average hourly wage rate","Both full- and part-time employees","Forestry, fishing, mining, quarrying, oil and gas [21, 113-114, 1153, 2100]","Both sexes","15 years and over","Current dollars","75","units","0","v2132584","1.2.1.4.1.1","40.90","","","","2"
"2020-02","Canada","2016A000011124","Average hourly wage rate","Both full- and part-time employees","Forestry, fishing, mining, quarrying, oil and gas [21, 113-114, 1153, 2100]","Both sexes","15 years and over","Current dollars","75","units","0","v2132584","1.2.1.4.1.1","40.88","","","","2"
"2020-03","Canada","2016A000011124","Average hourly wage rate","Both full- and part-time employees","Forestry, fishing, mining, quarrying, oil and gas [21, 113-114, 1153, 2100]","Both sexes","15 years and over","Current dollars","75","units","0","v2132584","1.2.1.4.1.1","41.57","","","","2"
"2020-04","Canada","2016A000011124","Average hourly wage rate","Both full- and part-time employees","Forestry, fishing, mining, quarrying, oil and gas [21, 113-114, 1153, 2100]","Both sexes","15 years and over","Current dollars","75","units","0","v2132584","1.2.1.4.1.1","42.23","","","","2"
"2020-05","Canada","2016A000011124","Average hourly wage rate","Both full- and part-time employees","Forestry, fishing, mining, quarrying, oil and gas [21, 113-114, 1153, 2100]","Both sexes","15 years and over","Current dollars","75","units","0","v2132584","1.2.1.4.1.1","40.90","","","","2"
"2019-01","Canada","2016A000011124","Average hourly wage rate","Both full- and part-time employees","Utilities [22]","Both sexes","15 years and over","Current dollars","75","units","0","v2132589","1.2.1.5.1.1","41.76","","","","2"
"2019-02","Canada","2016A000011124","Average hourly wage rate","Both full- and part-time employees","Utilities [22]","Both sexes","15 years and over","Current dollars","75","units","0","v2132589","1.2.1.5.1.1","41.72","","","","2"
"2019-03","Canada","2016A000011124","Average hourly wage rate","Both full- and part-time employees","Utilities [22]","Both sexes","15 years and over","Current dollars","75","units","0","v2132589","1.2.1.5.1.1","41.29","","","","2"
"2019-04","Canada","2016A000011124","Average hourly wage rate","Both full- and part-time employees","Utilities [22]","Both sexes","15 years and over","Current dollars","75","units","0","v2132589","1.2.1.5.1.1","41.78","","","","2"
"2019-05","Canada","2016A000011124","Average hourly wage rate","Both full- and part-time employees","Utilities [22]","Both sexes","15 years and over","Current dollars","75","units","0","v2132589","1.2.1.5.1.1","41.07","","","","2"
"2019-06","Canada","2016A000011124","Average hourly wage rate","Both full- and part-time employees","Utilities [22]","Both sexes","15 years and over","Current dollars","75","units","0","v2132589","1.2.1.5.1.1","42.55","","","","2"
"2019-07","Canada","2016A000011124","Average hourly wage rate","Both full- and part-time employees","Utilities [22]","Both sexes","15 years and over","Current dollars","75","units","0","v2132589","1.2.1.5.1.1","43.00","","","","2"
"2019-08","Canada","2016A000011124","Average hourly wage rate","Both full- and part-time employees","Utilities [22]","Both sexes","15 years and over","Current dollars","75","units","0","v2132589","1.2.1.5.1.1","43.46","","","","2"
"2019-09","Canada","2016A000011124","Average hourly wage rate","Both full- and part-time employees","Utilities [22]","Both sexes","15 years and over","Current dollars","75","units","0","v2132589","1.2.1.5.1.1","45.25","","","","2"
"2019-10","Canada","2016A000011124","Average hourly wage rate","Both full- and part-time employees","Utilities [22]","Both sexes","15 years and over","Current dollars","75","units","0","v2132589","1.2.1.5.1.1","43.97","","","","2"
"2019-11","Canada","2016A000011124","Average hourly wage rate","Both full- and part-time employees","Utilities [22]","Both sexes","15 years and over","Current dollars","75","units","0","v2132589","1.2.1.5.1.1","44.60","","","","2"
"2019-12","Canada","2016A000011124","Average hourly wage rate","Both full- and part-time employees","Utilities [22]","Both sexes","15 years and over","Current dollars","75","units","0","v2132589","1.2.1.5.1.1","44.83","","","","2"
"2020-01","Canada","2016A000011124","Average hourly wage rate","Both full- and part-time employees","Utilities [22]","Both sexes","15 years and over","Current dollars","75","units","0","v2132589","1.2.1.5.1.1","43.19","","","","2"
"2020-02","Canada","2016A000011124","Average hourly wage rate","Both full- and part-time employees","Utilities [22]","Both sexes","15 years and over","Current dollars","75","units","0","v2132589","1.2.1.5.1.1","43.60","","","","2"
"2020-03","Canada","2016A000011124","Average hourly wage rate","Both full- and part-time employees","Utilities [22]","Both sexes","15 years and over","Current dollars","75","units","0","v2132589","1.2.1.5.1.1","46.36","","","","2"
"2020-04","Canada","2016A000011124","Average hourly wage rate","Both full- and part-time employees","Utilities [22]","Both sexes","15 years and over","Current dollars","75","units","0","v2132589","1.2.1.5.1.1","45.45","","","","2"
"2020-05","Canada","2016A000011124","Average hourly wage rate","Both full- and part-time employees","Utilities [22]","Both sexes","15 years and over","Current dollars","75","units","0","v2132589","1.2.1.5.1.1","45.05","","","","2"
"2019-01","Canada","2016A000011124","Average hourly wage rate","Both full- and part-time employees","Construction [23]","Both sexes","15 years and over","Current dollars","75","units","0","v2132599","1.2.1.6.1.1","30.38","","","","2"
"2019-02","Canada","2016A000011124","Average hourly wage rate","Both full- and part-time employees","Construction [23]","Both sexes","15 years and over","Current dollars","75","units","0","v2132599","1.2.1.6.1.1","30.40","","","","2"
"2019-03","Canada","2016A000011124","Average hourly wage rate","Both full- and part-time employees","Construction [23]","Both sexes","15 years and over","Current dollars","75","units","0","v2132599","1.2.1.6.1.1","30.55","","","","2"
"2019-04","Canada","2016A000011124","Average hourly wage rate","Both full- and part-time employees","Construction [23]","Both sexes","15 years and over","Current dollars","75","units","0","v2132599","1.2.1.6.1.1","30.33","","","","2"
"2019-05","Canada","2016A000011124","Average hourly wage rate","Both full- and part-time employees","Construction [23]","Both sexes","15 years and over","Current dollars","75","units","0","v2132599","1.2.1.6.1.1","30.07","","","","2"
"2019-06","Canada","2016A000011124","Average hourly wage rate","Both full- and part-time employees","Construction [23]","Both sexes","15 years and over","Current dollars","75","units","0","v2132599","1.2.1.6.1.1","30.06","","","","2"
"2019-07","Canada","2016A000011124","Average hourly wage rate","Both full- and part-time employees","Construction [23]","Both sexes","15 years and over","Current dollars","75","units","0","v2132599","1.2.1.6.1.1","29.96","","","","2"
"2019-08","Canada","2016A000011124","Average hourly wage rate","Both full- and part-time employees","Construction [23]","Both sexes","15 years and over","Current dollars","75","units","0","v2132599","1.2.1.6.1.1","29.90","","","","2"
"2019-09","Canada","2016A000011124","Average hourly wage rate","Both full- and part-time employees","Construction [23]","Both sexes","15 years and over","Current dollars","75","units","0","v2132599","1.2.1.6.1.1","30.57","","","","2"
"2019-10","Canada","2016A000011124","Average hourly wage rate","Both full- and part-time employees","Construction [23]","Both sexes","15 years and over","Current dollars","75","units","0","v2132599","1.2.1.6.1.1","30.92","","","","2"
"2019-11","Canada","2016A000011124","Average hourly wage rate","Both full- and part-time employees","Construction [23]","Both sexes","15 years and over","Current dollars","75","units","0","v2132599","1.2.1.6.1.1","31.17","","","","2"
"2019-12","Canada","2016A000011124","Average hourly wage rate","Both full- and part-time employees","Construction [23]","Both sexes","15 years and over","Current dollars","75","units","0","v2132599","1.2.1.6.1.1","30.83","","","","2"
"2020-01","Canada","2016A000011124","Average hourly wage rate","Both full- and part-time employees","Construction [23]","Both sexes","15 years and over","Current dollars","75","units","0","v2132599","1.2.1.6.1.1","31.41","","","","2"
"2020-02","Canada","2016A000011124","Average hourly wage rate","Both full- and part-time employees","Construction [23]","Both sexes","15 years and over","Current dollars","75","units","0","v2132599","1.2.1.6.1.1","31.09","","","","2"
"2020-03","Canada","2016A000011124","Average hourly wage rate","Both full- and part-time employees","Construction [23]","Both sexes","15 years and over","Current dollars","75","units","0","v2132599","1.2.1.6.1.1","31.65","","","","2"
"2020-04","Canada","2016A000011124","Average hourly wage rate","Both full- and part-time employees","Construction [23]","Both sexes","15 years and over","Current dollars","75","units","0","v2132599","1.2.1.6.1.1","31.62","","","","2"
"2020-05","Canada","2016A000011124","Average hourly wage rate","Both full- and part-time employees","Construction [23]","Both sexes","15 years and over","Current dollars","75","units","0","v2132599","1.2.1.6.1.1","31.42","","","","2"
"2019-01","Canada","2016A000011124","Average hourly wage rate","Both full- and part-time employees","Manufacturing [31-33]","Both sexes","15 years and over","Current dollars","75","units","0","v2132604","1.2.1.7.1.1","26.83","","","","2"
"2019-02","Canada","2016A000011124","Average hourly wage rate","Both full- and part-time employees","Manufacturing [31-33]","Both sexes","15 years and over","Current dollars","75","units","0","v2132604","1.2.1.7.1.1","27.56","","","","2"
"2019-03","Canada","2016A000011124","Average hourly wage rate","Both full- and part-time employees","Manufacturing [31-33]","Both sexes","15 years and over","Current dollars","75","units","0","v2132604","1.2.1.7.1.1","27.46","","","","2"
"2019-04","Canada","2016A000011124","Average hourly wage rate","Both full- and part-time employees","Manufacturing [31-33]","Both sexes","15 years and over","Current dollars","75","units","0","v2132604","1.2.1.7.1.1","27.47","","","","2"
"2019-05","Canada","2016A000011124","Average hourly wage rate","Both full- and part-time employees","Manufacturing [31-33]","Both sexes","15 years and over","Current dollars","75","units","0","v2132604","1.2.1.7.1.1","27.28","","","","2"
"2019-06","Canada","2016A000011124","Average hourly wage rate","Both full- and part-time employees","Manufacturing [31-33]","Both sexes","15 years and over","Current dollars","75","units","0","v2132604","1.2.1.7.1.1","27.65","","","","2"
"2019-07","Canada","2016A000011124","Average hourly wage rate","Both full- and part-time employees","Manufacturing [31-33]","Both sexes","15 years and over","Current dollars","75","units","0","v2132604","1.2.1.7.1.1","27.43","","","","2"
"2019-08","Canada","2016A000011124","Average hourly wage rate","Both full- and part-time employees","Manufacturing [31-33]","Both sexes","15 years and over","Current dollars","75","units","0","v2132604","1.2.1.7.1.1","27.34","","","","2"
"2019-09","Canada","2016A000011124","Average hourly wage rate","Both full- and part-time employees","Manufacturing [31-33]","Both sexes","15 years and over","Current dollars","75","units","0","v2132604","1.2.1.7.1.1","27.73","","","","2"
"2019-10","Canada","2016A000011124","Average hourly wage rate","Both full- and part-time employees","Manufacturing [31-33]","Both sexes","15 years and over","Current dollars","75","units","0","v2132604","1.2.1.7.1.1","28.03","","","","2"
"2019-11","Canada","2016A000011124","Average hourly wage rate","Both full- and part-time employees","Manufacturing [31-33]","Both sexes","15 years and over","Current dollars","75","units","0","v2132604","1.2.1.7.1.1","27.88","","","","2"
"2019-12","Canada","2016A000011124","Average hourly wage rate","Both full- and part-time employees","Manufacturing [31-33]","Both sexes","15 years and over","Current dollars","75","units","0","v2132604","1.2.1.7.1.1","27.79","","","","2"
"2020-01","Canada","2016A000011124","Average hourly wage rate","Both full- and part-time employees","Manufacturing [31-33]","Both sexes","15 years and over","Current dollars","75","units","0","v2132604","1.2.1.7.1.1","28.09","","","","2"
"2020-02","Canada","2016A000011124","Average hourly wage rate","Both full- and part-time employees","Manufacturing [31-33]","Both sexes","15 years and over","Current dollars","75","units","0","v2132604","1.2.1.7.1.1","28.13","","","","2"
"2020-03","Canada","2016A000011124","Average hourly wage rate","Both full- and part-time employees","Manufacturing [31-33]","Both sexes","15 years and over","Current dollars","75","units","0","v2132604","1.2.1.7.1.1","28.42","","","","2"
"2020-04","Canada","2016A000011124","Average hourly wage rate","Both full- and part-time employees","Manufacturing [31-33]","Both sexes","15 years and over","Current dollars","75","units","0","v2132604","1.2.1.7.1.1","29.92","","","","2"
"2020-05","Canada","2016A000011124","Average hourly wage rate","Both full- and part-time employees","Manufacturing [31-33]","Both sexes","15 years and over","Current dollars","75","units","0","v2132604","1.2.1.7.1.1","29.31","","","","2"
"2019-01","Canada","2016A000011124","Average hourly wage rate","Both full- and part-time employees","Services-producing sector","Both sexes","15 years and over","Current dollars","75","units","0","v2132594","1.2.1.8.1.1","26.80","","","","2"
"2019-02","Canada","2016A000011124","Average hourly wage rate","Both full- and part-time employees","Services-producing sector","Both sexes","15 years and over","Current dollars","75","units","0","v2132594","1.2.1.8.1.1","26.93","","","","2"
"2019-03","Canada","2016A000011124","Average hourly wage rate","Both full- and part-time employees","Services-producing sector","Both sexes","15 years and over","Current dollars","75","units","0","v2132594","1.2.1.8.1.1","27.02","","","","2"
"2019-04","Canada","2016A000011124","Average hourly wage rate","Both full- and part-time employees","Services-producing sector","Both sexes","15 years and over","Current dollars","75","units","0","v2132594","1.2.1.8.1.1","27.14","","","","2"
"2019-05","Canada","2016A000011124","Average hourly wage rate","Both full- and part-time employees","Services-producing sector","Both sexes","15 years and over","Current dollars","75","units","0","v2132594","1.2.1.8.1.1","27.18","","","","2"
"2019-06","Canada","2016A000011124","Average hourly wage rate","Both full- and part-time employees","Services-producing sector","Both sexes","15 years and over","Current dollars","75","units","0","v2132594","1.2.1.8.1.1","27.34","","","","2"
"2019-07","Canada","2016A000011124","Average hourly wage rate","Both full- and part-time employees","Services-producing sector","Both sexes","15 years and over","Current dollars","75","units","0","v2132594","1.2.1.8.1.1","27.35","","","","2"
"2019-08","Canada","2016A000011124","Average hourly wage rate","Both full- and part-time employees","Services-producing sector","Both sexes","15 years and over","Current dollars","75","units","0","v2132594","1.2.1.8.1.1","27.18","","","","2"
"2019-09","Canada","2016A000011124","Average hourly wage rate","Both full- and part-time employees","Services-producing sector","Both sexes","15 years and over","Current dollars","75","units","0","v2132594","1.2.1.8.1.1","27.63","","","","2"
"2019-10","Canada","2016A000011124","Average hourly wage rate","Both full- and part-time employees","Services-producing sector","Both sexes","15 years and over","Current dollars","75","units","0","v2132594","1.2.1.8.1.1","27.69","","","","2"
"2019-11","Canada","2016A000011124","Average hourly wage rate","Both full- and part-time employees","Services-producing sector","Both sexes","15 years and over","Current dollars","75","units","0","v2132594","1.2.1.8.1.1","27.75","","","","2"
"2019-12","Canada","2016A000011124","Average hourly wage rate","Both full- and part-time employees","Services-producing sector","Both sexes","15 years and over","Current dollars","75","units","0","v2132594","1.2.1.8.1.1","27.68","","","","2"
"2020-01","Canada","2016A000011124","Average hourly wage rate","Both full- and part-time employees","Services-producing sector","Both sexes","15 years and over","Current dollars","75","units","0","v2132594","1.2.1.8.1.1","28.01","","","","2"
"2020-02","Canada","2016A000011124","Average hourly wage rate","Both full- and part-time employees","Services-producing sector","Both sexes","15 years and over","Current dollars","75","units","0","v2132594","1.2.1.8.1.1","28.20","","","","2"
"2020-03","Canada","2016A000011124","Average hourly wage rate","Both full- and part-time employees","Services-producing sector","Both sexes","15 years and over","Current dollars","75","units","0","v2132594","1.2.1.8.1.1","28.88","","","","2"
"2020-04","Canada","2016A000011124","Average hourly wage rate","Both full- and part-time employees","Services-producing sector","Both sexes","15 years and over","Current dollars","75","units","0","v2132594","1.2.1.8.1.1","30.42","","","","2"
"2020-05","Canada","2016A000011124","Average hourly wage rate","Both full- and part-time employees","Services-producing sector","Both sexes","15 years and over","Current dollars","75","units","0","v2132594","1.2.1.8.1.1","30.35","","","","2"
"2019-01","Canada","2016A000011124","Average hourly wage rate","Both full- and part-time employees","Wholesale and retail trade [41, 44-45]","Both sexes","15 years and over","Current dollars","75","units","0","v2132609","1.2.1.9.1.1","21.11","","","","2"
"2019-02","Canada","2016A000011124","Average hourly wage rate","Both full- and part-time employees","Wholesale and retail trade [41, 44-45]","Both sexes","15 years and over","Current dollars","75","units","0","v2132609","1.2.1.9.1.1","20.93","","","","2"
"2019-03","Canada","2016A000011124","Average hourly wage rate","Both full- and part-time employees","Wholesale and retail trade [41, 44-45]","Both sexes","15 years and over","Current dollars","75","units","0","v2132609","1.2.1.9.1.1","21.15","","","","2"
"2019-04","Canada","2016A000011124","Average hourly wage rate","Both full- and part-time employees","Wholesale and retail trade [41, 44-45]","Both sexes","15 years and over","Current dollars","75","units","0","v2132609","1.2.1.9.1.1","21.13","","","","2"
"2019-05","Canada","2016A000011124","Average hourly wage rate","Both full- and part-time employees","Wholesale and retail trade [41, 44-45]","Both sexes","15 years and over","Current dollars","75","units","0","v2132609","1.2.1.9.1.1","21.31","","","","2"
"2019-06","Canada","2016A000011124","Average hourly wage rate","Both full- and part-time employees","Wholesale and retail trade [41, 44-45]","Both sexes","15 years and over","Current dollars","75","units","0","v2132609","1.2.1.9.1.1","21.54","","","","2"
"2019-07","Canada","2016A000011124","Average hourly wage rate","Both full- and part-time employees","Wholesale and retail trade [41, 44-45]","Both sexes","15 years and over","Current dollars","75","units","0","v2132609","1.2.1.9.1.1","21.55","","","","2"
"2019-08","Canada","2016A000011124","Average hourly wage rate","Both full- and part-time employees","Wholesale and retail trade [41, 44-45]","Both sexes","15 years and over","Current dollars","75","units","0","v2132609","1.2.1.9.1.1","21.46","","","","2"
"2019-09","Canada","2016A000011124","Average hourly wage rate","Both full- and part-time employees","Wholesale and retail trade [41, 44-45]","Both sexes","15 years and over","Current dollars","75","units","0","v2132609","1.2.1.9.1.1","21.80","","","","2"
"2019-10","Canada","2016A000011124","Average hourly wage rate","Both full- and part-time employees","Wholesale and retail trade [41, 44-45]","Both sexes","15 years and over","Current dollars","75","units","0","v2132609","1.2.1.9.1.1","21.51","","","","2"
"2019-11","Canada","2016A000011124","Average hourly wage rate","Both full- and part-time employees","Wholesale and retail trade [41, 44-45]","Both sexes","15 years and over","Current dollars","75","units","0","v2132609","1.2.1.9.1.1","21.56","","","","2"
"2019-12","Canada","2016A000011124","Average hourly wage rate","Both full- and part-time employees","Wholesale and retail trade [41, 44-45]","Both sexes","15 years and over","Current dollars","75","units","0","v2132609","1.2.1.9.1.1","21.43","","","","2"
"2020-01","Canada","2016A000011124","Average hourly wage rate","Both full- and part-time employees","Wholesale and retail trade [41, 44-45]","Both sexes","15 years and over","Current dollars","75","units","0","v2132609","1.2.1.9.1.1","21.62","","","","2"
"2020-02","Canada","2016A000011124","Average hourly wage rate","Both full- and part-time employees","Wholesale and retail trade [41, 44-45]","Both sexes","15 years and over","Current dollars","75","units","0","v2132609","1.2.1.9.1.1","21.47","","","","2"
"2020-03","Canada","2016A000011124","Average hourly wage rate","Both full- and part-time employees","Wholesale and retail trade [41, 44-45]","Both sexes","15 years and over","Current dollars","75","units","0","v2132609","1.2.1.9.1.1","22.26","","","","2"
"2020-04","Canada","2016A000011124","Average hourly wage rate","Both full- and part-time employees","Wholesale and retail trade [41, 44-45]","Both sexes","15 years and over","Current dollars","75","units","0","v2132609","1.2.1.9.1.1","23.22","","","","2"
"2020-05","Canada","2016A000011124","Average hourly wage rate","Both full- and part-time employees","Wholesale and retail trade [41, 44-45]","Both sexes","15 years and over","Current dollars","75","units","0","v2132609","1.2.1.9.1.1","23.10","","","","2"
"2019-01","Canada","2016A000011124","Average hourly wage rate","Both full- and part-time employees","Transportation and warehousing [48-49]","Both sexes","15 years and over","Current dollars","75","units","0","v2132614","1.2.1.10.1.1","26.37","","","","2"
"2019-02","Canada","2016A000011124","Average hourly wage rate","Both full- and part-time employees","Transportation and warehousing [48-49]","Both sexes","15 years and over","Current dollars","75","units","0","v2132614","1.2.1.10.1.1","27.12","","","","2"
"2019-03","Canada","2016A000011124","Average hourly wage rate","Both full- and part-time employees","Transportation and warehousing [48-49]","Both sexes","15 years and over","Current dollars","75","units","0","v2132614","1.2.1.10.1.1","27.10","","","","2"
"2019-04","Canada","2016A000011124","Average hourly wage rate","Both full- and part-time employees","Transportation and warehousing [48-49]","Both sexes","15 years and over","Current dollars","75","units","0","v2132614","1.2.1.10.1.1","27.05","","","","2"
"2019-05","Canada","2016A000011124","Average hourly wage rate","Both full- and part-time employees","Transportation and warehousing [48-49]","Both sexes","15 years and over","Current dollars","75","units","0","v2132614","1.2.1.10.1.1","27.41","","","","2"
"2019-06","Canada","2016A000011124","Average hourly wage rate","Both full- and part-time employees","Transportation and warehousing [48-49]","Both sexes","15 years and over","Current dollars","75","units","0","v2132614","1.2.1.10.1.1","26.98","","","","2"
"2019-07","Canada","2016A000011124","Average hourly wage rate","Both full- and part-time employees","Transportation and warehousing [48-49]","Both sexes","15 years and over","Current dollars","75","units","0","v2132614","1.2.1.10.1.1","27.21","","","","2"
"2019-08","Canada","2016A000011124","Average hourly wage rate","Both full- and part-time employees","Transportation and warehousing [48-49]","Both sexes","15 years and over","Current dollars","75","units","0","v2132614","1.2.1.10.1.1","26.86","","","","2"
"2019-09","Canada","2016A000011124","Average hourly wage rate","Both full- and part-time employees","Transportation and warehousing [48-49]","Both sexes","15 years and over","Current dollars","75","units","0","v2132614","1.2.1.10.1.1","26.96","","","","2"
"2019-10","Canada","2016A000011124","Average hourly wage rate","Both full- and part-time employees","Transportation and warehousing [48-49]","Both sexes","15 years and over","Current dollars","75","units","0","v2132614","1.2.1.10.1.1","27.30","","","","2"
"2019-11","Canada","2016A000011124","Average hourly wage rate","Both full- and part-time employees","Transportation and warehousing [48-49]","Both sexes","15 years and over","Current dollars","75","units","0","v2132614","1.2.1.10.1.1","27.36","","","","2"
"2019-12","Canada","2016A000011124","Average hourly wage rate","Both full- and part-time employees","Transportation and warehousing [48-49]","Both sexes","15 years and over","Current dollars","75","units","0","v2132614","1.2.1.10.1.1","27.49","","","","2"
"2020-01","Canada","2016A000011124","Average hourly wage rate","Both full- and part-time employees","Transportation and warehousing [48-49]","Both sexes","15 years and over","Current dollars","75","units","0","v2132614","1.2.1.10.1.1","27.39","","","","2"
"2020-02","Canada","2016A000011124","Average hourly wage rate","Both full- and part-time employees","Transportation and warehousing [48-49]","Both sexes","15 years and over","Current dollars","75","units","0","v2132614","1.2.1.10.1.1","28.15","","","","2"
"2020-03","Canada","2016A000011124","Average hourly wage rate","Both full- and part-time employees","Transportation and warehousing [48-49]","Both sexes","15 years and over","Current dollars","75","units","0","v2132614","1.2.1.10.1.1","27.58","","","","2"
"2020-04","Canada","2016A000011124","Average hourly wage rate","Both full- and part-time employees","Transportation and warehousing [48-49]","Both sexes","15 years and over","Current dollars","75","units","0","v2132614","1.2.1.10.1.1","28.99","","","","2"
"2020-05","Canada","2016A000011124","Average hourly wage rate","Both full- and part-time employees","Transportation and warehousing [48-49]","Both sexes","15 years and over","Current dollars","75","units","0","v2132614","1.2.1.10.1.1","29.06","","","","2"
"2019-01","Canada","2016A000011124","Average hourly wage rate","Both full- and part-time employees","Finance, insurance, real estate, rental and leasing [52-53]","Both sexes","15 years and over","Current dollars","75","units","0","v2132619","1.2.1.11.1.1","30.77","","","","2"
"2019-02","Canada","2016A000011124","Average hourly wage rate","Both full- and part-time employees","Finance, insurance, real estate, rental and leasing [52-53]","Both sexes","15 years and over","Current dollars","75","units","0","v2132619","1.2.1.11.1.1","31.23","","","","2"
"2019-03","Canada","2016A000011124","Average hourly wage rate","Both full- and part-time employees","Finance, insurance, real estate, rental and leasing [52-53]","Both sexes","15 years and over","Current dollars","75","units","0","v2132619","1.2.1.11.1.1","31.48","","","","2"
"2019-04","Canada","2016A000011124","Average hourly wage rate","Both full- and part-time employees","Finance, insurance, real estate, rental and leasing [52-53]","Both sexes","15 years and over","Current dollars","75","units","0","v2132619","1.2.1.11.1.1","31.72","","","","2"
"2019-05","Canada","2016A000011124","Average hourly wage rate","Both full- and part-time employees","Finance, insurance, real estate, rental and leasing [52-53]","Both sexes","15 years and over","Current dollars","75","units","0","v2132619","1.2.1.11.1.1","32.56","","","","2"
"2019-06","Canada","2016A000011124","Average hourly wage rate","Both full- and part-time employees","Finance, insurance, real estate, rental and leasing [52-53]","Both sexes","15 years and over","Current dollars","75","units","0","v2132619","1.2.1.11.1.1","32.60","","","","2"
"2019-07","Canada","2016A000011124","Average hourly wage rate","Both full- and part-time employees","Finance, insurance, real estate, rental and leasing [52-53]","Both sexes","15 years and over","Current dollars","75","units","0","v2132619","1.2.1.11.1.1","33.56","","","","2"
"2019-08","Canada","2016A000011124","Average hourly wage rate","Both full- and part-time employees","Finance, insurance, real estate, rental and leasing [52-53]","Both sexes","15 years and over","Current dollars","75","units","0","v2132619","1.2.1.11.1.1","32.44","","","","2"
"2019-09","Canada","2016A000011124","Average hourly wage rate","Both full- and part-time employees","Finance, insurance, real estate, rental and leasing [52-53]","Both sexes","15 years and over","Current dollars","75","units","0","v2132619","1.2.1.11.1.1","32.74","","","","2"
"2019-10","Canada","2016A000011124","Average hourly wage rate","Both full- and part-time employees","Finance, insurance, real estate, rental and leasing [52-53]","Both sexes","15 years and over","Current dollars","75","units","0","v2132619","1.2.1.11.1.1","32.38","","","","2"
"2019-11","Canada","2016A000011124","Average hourly wage rate","Both full- and part-time employees","Finance, insurance, real estate, rental and leasing [52-53]","Both sexes","15 years and over","Current dollars","75","units","0","v2132619","1.2.1.11.1.1","32.44","","","","2"
"2019-12","Canada","2016A000011124","Average hourly wage rate","Both full- and part-time employees","Finance, insurance, real estate, rental and leasing [52-53]","Both sexes","15 years and over","Current dollars","75","units","0","v2132619","1.2.1.11.1.1","32.52","","","","2"
"2020-01","Canada","2016A000011124","Average hourly wage rate","Both full- and part-time employees","Finance, insurance, real estate, rental and leasing [52-53]","Both sexes","15 years and over","Current dollars","75","units","0","v2132619","1.2.1.11.1.1","33.10","","","","2"
"2020-02","Canada","2016A000011124","Average hourly wage rate","Both full- and part-time employees","Finance, insurance, real estate, rental and leasing [52-53]","Both sexes","15 years and over","Current dollars","75","units","0","v2132619","1.2.1.11.1.1","34.07","","","","2"
"2020-03","Canada","2016A000011124","Average hourly wage rate","Both full- and part-time employees","Finance, insurance, real estate, rental and leasing [52-53]","Both sexes","15 years and over","Current dollars","75","units","0","v2132619","1.2.1.11.1.1","33.89","","","","2"
"2020-04","Canada","2016A000011124","Average hourly wage rate","Both full- and part-time employees","Finance, insurance, real estate, rental and leasing [52-53]","Both sexes","15 years and over","Current dollars","75","units","0","v2132619","1.2.1.11.1.1","33.56","","","","2"
"2020-05","Canada","2016A000011124","Average hourly wage rate","Both full- and part-time employees","Finance, insurance, real estate, rental and leasing [52-53]","Both sexes","15 years and over","Current dollars","75","units","0","v2132619","1.2.1.11.1.1","35.00","","","","2"
"2019-01","Canada","2016A000011124","Average hourly wage rate","Both full- and part-time employees","Professional, scientific and technical services [54]","Both sexes","15 years and over","Current dollars","75","units","0","v2132664","1.2.1.12.1.1","34.82","","","","2"
"2019-02","Canada","2016A000011124","Average hourly wage rate","Both full- and part-time employees","Professional, scientific and technical services [54]","Both sexes","15 years and over","Current dollars","75","units","0","v2132664","1.2.1.12.1.1","35.34","","","","2"
"2019-03","Canada","2016A000011124","Average hourly wage rate","Both full- and part-time employees","Professional, scientific and technical services [54]","Both sexes","15 years and over","Current dollars","75","units","0","v2132664","1.2.1.12.1.1","35.07","","","","2"
"2019-04","Canada","2016A000011124","Average hourly wage rate","Both full- and part-time employees","Professional, scientific and technical services [54]","Both sexes","15 years and over","Current dollars","75","units","0","v2132664","1.2.1.12.1.1","35.23","","","","2"
"2019-05","Canada","2016A000011124","Average hourly wage rate","Both full- and part-time employees","Professional, scientific and technical services [54]","Both sexes","15 years and over","Current dollars","75","units","0","v2132664","1.2.1.12.1.1","35.15","","","","2"
"2019-06","Canada","2016A000011124","Average hourly wage rate","Both full- and part-time employees","Professional, scientific and technical services [54]","Both sexes","15 years and over","Current dollars","75","units","0","v2132664","1.2.1.12.1.1","34.95","","","","2"
"2019-07","Canada","2016A000011124","Average hourly wage rate","Both full- and part-time employees","Professional, scientific and technical services [54]","Both sexes","15 years and over","Current dollars","75","units","0","v2132664","1.2.1.12.1.1","35.11","","","","2"
"2019-08","Canada","2016A000011124","Average hourly wage rate","Both full- and part-time employees","Professional, scientific and technical services [54]","Both sexes","15 years and over","Current dollars","75","units","0","v2132664","1.2.1.12.1.1","34.63","","","","2"
"2019-09","Canada","2016A000011124","Average hourly wage rate","Both full- and part-time employees","Professional, scientific and technical services [54]","Both sexes","15 years and over","Current dollars","75","units","0","v2132664","1.2.1.12.1.1","34.66","","","","2"
"2019-10","Canada","2016A000011124","Average hourly wage rate","Both full- and part-time employees","Professional, scientific and technical services [54]","Both sexes","15 years and over","Current dollars","75","units","0","v2132664","1.2.1.12.1.1","35.24","","","","2"
"2019-11","Canada","2016A000011124","Average hourly wage rate","Both full- and part-time employees","Professional, scientific and technical services [54]","Both sexes","15 years and over","Current dollars","75","units","0","v2132664","1.2.1.12.1.1","35.40","","","","2"
"2019-12","Canada","2016A000011124","Average hourly wage rate","Both full- and part-time employees","Professional, scientific and technical services [54]","Both sexes","15 years and over","Current dollars","75","units","0","v2132664","1.2.1.12.1.1","35.47","","","","2"
"2020-01","Canada","2016A000011124","Average hourly wage rate","Both full- and part-time employees","Professional, scientific and technical services [54]","Both sexes","15 years and over","Current dollars","75","units","0","v2132664","1.2.1.12.1.1","36.02","","","","2"
"2020-02","Canada","2016A000011124","Average hourly wage rate","Both full- and part-time employees","Professional, scientific and technical services [54]","Both sexes","15 years and over","Current dollars","75","units","0","v2132664","1.2.1.12.1.1","36.25","","","","2"
"2020-03","Canada","2016A000011124","Average hourly wage rate","Both full- and part-time employees","Professional, scientific and technical services [54]","Both sexes","15 years and over","Current dollars","75","units","0","v2132664","1.2.1.12.1.1","36.68","","","","2"
"2020-04","Canada","2016A000011124","Average hourly wage rate","Both full- and part-time employees","Professional, scientific and technical services [54]","Both sexes","15 years and over","Current dollars","75","units","0","v2132664","1.2.1.12.1.1","38.19","","","","2"
"2020-05","Canada","2016A000011124","Average hourly wage rate","Both full- and part-time employees","Professional, scientific and technical services [54]","Both sexes","15 years and over","Current dollars","75","units","0","v2132664","1.2.1.12.1.1","37.86","","","","2"
"2019-01","Canada","2016A000011124","Average hourly wage rate","Both full- and part-time employees","Business, building and other support services [55-56]","Both sexes","15 years and over","Current dollars","75","units","0","v2132639","1.2.1.13.1.1","20.80","","","","2"
"2019-02","Canada","2016A000011124","Average hourly wage rate","Both full- and part-time employees","Business, building and other support services [55-56]","Both sexes","15 years and over","Current dollars","75","units","0","v2132639","1.2.1.13.1.1","21.27","","","","2"
"2019-03","Canada","2016A000011124","Average hourly wage rate","Both full- and part-time employees","Business, building and other support services [55-56]","Both sexes","15 years and over","Current dollars","75","units","0","v2132639","1.2.1.13.1.1","21.22","","","","2"
"2019-04","Canada","2016A000011124","Average hourly wage rate","Both full- and part-time employees","Business, building and other support services [55-56]","Both sexes","15 years and over","Current dollars","75","units","0","v2132639","1.2.1.13.1.1","21.14","","","","2"
"2019-05","Canada","2016A000011124","Average hourly wage rate","Both full- and part-time employees","Business, building and other support services [55-56]","Both sexes","15 years and over","Current dollars","75","units","0","v2132639","1.2.1.13.1.1","21.21","","","","2"
"2019-06","Canada","2016A000011124","Average hourly wage rate","Both full- and part-time employees","Business, building and other support services [55-56]","Both sexes","15 years and over","Current dollars","75","units","0","v2132639","1.2.1.13.1.1","21.84","","","","2"
"2019-07","Canada","2016A000011124","Average hourly wage rate","Both full- and part-time employees","Business, building and other support services [55-56]","Both sexes","15 years and over","Current dollars","75","units","0","v2132639","1.2.1.13.1.1","21.58","","","","2"
"2019-08","Canada","2016A000011124","Average hourly wage rate","Both full- and part-time employees","Business, building and other support services [55-56]","Both sexes","15 years and over","Current dollars","75","units","0","v2132639","1.2.1.13.1.1","21.67","","","","2"
"2019-09","Canada","2016A000011124","Average hourly wage rate","Both full- and part-time employees","Business, building and other support services [55-56]","Both sexes","15 years and over","Current dollars","75","units","0","v2132639","1.2.1.13.1.1","21.97","","","","2"
"2019-10","Canada","2016A000011124","Average hourly wage rate","Both full- and part-time employees","Business, building and other support services [55-56]","Both sexes","15 years and over","Current dollars","75","units","0","v2132639","1.2.1.13.1.1","22.13","","","","2"
"2019-11","Canada","2016A000011124","Average hourly wage rate","Both full- and part-time employees","Business, building and other support services [55-56]","Both sexes","15 years and over","Current dollars","75","units","0","v2132639","1.2.1.13.1.1","22.03","","","","2"
"2019-12","Canada","2016A000011124","Average hourly wage rate","Both full- and part-time employees","Business, building and other support services [55-56]","Both sexes","15 years and over","Current dollars","75","units","0","v2132639","1.2.1.13.1.1","21.65","","","","2"
"2020-01","Canada","2016A000011124","Average hourly wage rate","Both full- and part-time employees","Business, building and other support services [55-56]","Both sexes","15 years and over","Current dollars","75","units","0","v2132639","1.2.1.13.1.1","21.47","","","","2"
"2020-02","Canada","2016A000011124","Average hourly wage rate","Both full- and part-time employees","Business, building and other support services [55-56]","Both sexes","15 years and over","Current dollars","75","units","0","v2132639","1.2.1.13.1.1","21.58","","","","2"
"2020-03","Canada","2016A000011124","Average hourly wage rate","Both full- and part-time employees","Business, building and other support services [55-56]","Both sexes","15 years and over","Current dollars","75","units","0","v2132639","1.2.1.13.1.1","21.97","","","","2"
"2020-04","Canada","2016A000011124","Average hourly wage rate","Both full- and part-time employees","Business, building and other support services [55-56]","Both sexes","15 years and over","Current dollars","75","units","0","v2132639","1.2.1.13.1.1","22.78","","","","2"
"2020-05","Canada","2016A000011124","Average hourly wage rate","Both full- and part-time employees","Business, building and other support services [55-56]","Both sexes","15 years and over","Current dollars","75","units","0","v2132639","1.2.1.13.1.1","23.84","","","","2"
"2019-01","Canada","2016A000011124","Average hourly wage rate","Both full- and part-time employees","Educational services [61]","Both sexes","15 years and over","Current dollars","75","units","0","v2132624","1.2.1.14.1.1","33.60","","","","2"
"2019-02","Canada","2016A000011124","Average hourly wage rate","Both full- and part-time employees","Educational services [61]","Both sexes","15 years and over","Current dollars","75","units","0","v2132624","1.2.1.14.1.1","33.30","","","","2"
"2019-03","Canada","2016A000011124","Average hourly wage rate","Both full- and part-time employees","Educational services [61]","Both sexes","15 years and over","Current dollars","75","units","0","v2132624","1.2.1.14.1.1","33.62","","","","2"
"2019-04","Canada","2016A000011124","Average hourly wage rate","Both full- and part-time employees","Educational services [61]","Both sexes","15 years and over","Current dollars","75","units","0","v2132624","1.2.1.14.1.1","34.05","","","","2"
"2019-05","Canada","2016A000011124","Average hourly wage rate","Both full- and part-time employees","Educational services [61]","Both sexes","15 years and over","Current dollars","75","units","0","v2132624","1.2.1.14.1.1","34.05","","","","2"
"2019-06","Canada","2016A000011124","Average hourly wage rate","Both full- and part-time employees","Educational services [61]","Both sexes","15 years and over","Current dollars","75","units","0","v2132624","1.2.1.14.1.1","34.10","","","","2"
"2019-07","Canada","2016A000011124","Average hourly wage rate","Both full- and part-time employees","Educational services [61]","Both sexes","15 years and over","Current dollars","75","units","0","v2132624","1.2.1.14.1.1","36.09","","","","2"
"2019-08","Canada","2016A000011124","Average hourly wage rate","Both full- and part-time employees","Educational services [61]","Both sexes","15 years and over","Current dollars","75","units","0","v2132624","1.2.1.14.1.1","36.04","","","","2"
"2019-09","Canada","2016A000011124","Average hourly wage rate","Both full- and part-time employees","Educational services [61]","Both sexes","15 years and over","Current dollars","75","units","0","v2132624","1.2.1.14.1.1","34.72","","","","2"
"2019-10","Canada","2016A000011124","Average hourly wage rate","Both full- and part-time employees","Educational services [61]","Both sexes","15 years and over","Current dollars","75","units","0","v2132624","1.2.1.14.1.1","34.39","","","","2"
"2019-11","Canada","2016A000011124","Average hourly wage rate","Both full- and part-time employees","Educational services [61]","Both sexes","15 years and over","Current dollars","75","units","0","v2132624","1.2.1.14.1.1","34.29","","","","2"
"2019-12","Canada","2016A000011124","Average hourly wage rate","Both full- and part-time employees","Educational services [61]","Both sexes","15 years and over","Current dollars","75","units","0","v2132624","1.2.1.14.1.1","33.93","","","","2"
"2020-01","Canada","2016A000011124","Average hourly wage rate","Both full- and part-time employees","Educational services [61]","Both sexes","15 years and over","Current dollars","75","units","0","v2132624","1.2.1.14.1.1","34.52","","","","2"
"2020-02","Canada","2016A000011124","Average hourly wage rate","Both full- and part-time employees","Educational services [61]","Both sexes","15 years and over","Current dollars","75","units","0","v2132624","1.2.1.14.1.1","34.85","","","","2"
"2020-03","Canada","2016A000011124","Average hourly wage rate","Both full- and part-time employees","Educational services [61]","Both sexes","15 years and over","Current dollars","75","units","0","v2132624","1.2.1.14.1.1","35.42","","","","2"
"2020-04","Canada","2016A000011124","Average hourly wage rate","Both full- and part-time employees","Educational services [61]","Both sexes","15 years and over","Current dollars","75","units","0","v2132624","1.2.1.14.1.1","36.56","","","","2"
"2020-05","Canada","2016A000011124","Average hourly wage rate","Both full- and part-time employees","Educational services [61]","Both sexes","15 years and over","Current dollars","75","units","0","v2132624","1.2.1.14.1.1","36.91","","","","2"
"2019-01","Canada","2016A000011124","Average hourly wage rate","Both full- and part-time employees","Health care and social assistance [62]","Both sexes","15 years and over","Current dollars","75","units","0","v2132629","1.2.1.15.1.1","27.47","","","","2"
"2019-02","Canada","2016A000011124","Average hourly wage rate","Both full- and part-time employees","Health care and social assistance [62]","Both sexes","15 years and over","Current dollars","75","units","0","v2132629","1.2.1.15.1.1","27.54","","","","2"
"2019-03","Canada","2016A000011124","Average hourly wage rate","Both full- and part-time employees","Health care and social assistance [62]","Both sexes","15 years and over","Current dollars","75","units","0","v2132629","1.2.1.15.1.1","27.57","","","","2"
"2019-04","Canada","2016A000011124","Average hourly wage rate","Both full- and part-time employees","Health care and social assistance [62]","Both sexes","15 years and over","Current dollars","75","units","0","v2132629","1.2.1.15.1.1","27.71","","","","2"
"2019-05","Canada","2016A000011124","Average hourly wage rate","Both full- and part-time employees","Health care and social assistance [62]","Both sexes","15 years and over","Current dollars","75","units","0","v2132629","1.2.1.15.1.1","27.76","","","","2"
"2019-06","Canada","2016A000011124","Average hourly wage rate","Both full- and part-time employees","Health care and social assistance [62]","Both sexes","15 years and over","Current dollars","75","units","0","v2132629","1.2.1.15.1.1","28.24","","","","2"
"2019-07","Canada","2016A000011124","Average hourly wage rate","Both full- and part-time employees","Health care and social assistance [62]","Both sexes","15 years and over","Current dollars","75","units","0","v2132629","1.2.1.15.1.1","27.90","","","","2"
"2019-08","Canada","2016A000011124","Average hourly wage rate","Both full- and part-time employees","Health care and social assistance [62]","Both sexes","15 years and over","Current dollars","75","units","0","v2132629","1.2.1.15.1.1","27.79","","","","2"
"2019-09","Canada","2016A000011124","Average hourly wage rate","Both full- and part-time employees","Health care and social assistance [62]","Both sexes","15 years and over","Current dollars","75","units","0","v2132629","1.2.1.15.1.1","28.11","","","","2"
"2019-10","Canada","2016A000011124","Average hourly wage rate","Both full- and part-time employees","Health care and social assistance [62]","Both sexes","15 years and over","Current dollars","75","units","0","v2132629","1.2.1.15.1.1","28.43","","","","2"
"2019-11","Canada","2016A000011124","Average hourly wage rate","Both full- and part-time employees","Health care and social assistance [62]","Both sexes","15 years and over","Current dollars","75","units","0","v2132629","1.2.1.15.1.1","28.24","","","","2"
"2019-12","Canada","2016A000011124","Average hourly wage rate","Both full- and part-time employees","Health care and social assistance [62]","Both sexes","15 years and over","Current dollars","75","units","0","v2132629","1.2.1.15.1.1","28.10","","","","2"
"2020-01","Canada","2016A000011124","Average hourly wage rate","Both full- and part-time employees","Health care and social assistance [62]","Both sexes","15 years and over","Current dollars","75","units","0","v2132629","1.2.1.15.1.1","28.43","","","","2"
"2020-02","Canada","2016A000011124","Average hourly wage rate","Both full- and part-time employees","Health care and social assistance [62]","Both sexes","15 years and over","Current dollars","75","units","0","v2132629","1.2.1.15.1.1","28.46","","","","2"
"2020-03","Canada","2016A000011124","Average hourly wage rate","Both full- and part-time employees","Health care and social assistance [62]","Both sexes","15 years and over","Current dollars","75","units","0","v2132629","1.2.1.15.1.1","28.71","","","","2"
"2020-04","Canada","2016A000011124","Average hourly wage rate","Both full- and part-time employees","Health care and social assistance [62]","Both sexes","15 years and over","Current dollars","75","units","0","v2132629","1.2.1.15.1.1","29.59","","","","2"
"2020-05","Canada","2016A000011124","Average hourly wage rate","Both full- and part-time employees","Health care and social assistance [62]","Both sexes","15 years and over","Current dollars","75","units","0","v2132629","1.2.1.15.1.1","29.89","","","","2"
"2019-01","Canada","2016A000011124","Average hourly wage rate","Both full- and part-time employees","Information, culture and recreation [51, 71]","Both sexes","15 years and over","Current dollars","75","units","0","v2132634","1.2.1.16.1.1","25.24","","","","2"
"2019-02","Canada","2016A000011124","Average hourly wage rate","Both full- and part-time employees","Information, culture and recreation [51, 71]","Both sexes","15 years and over","Current dollars","75","units","0","v2132634","1.2.1.16.1.1","25.00","","","","2"
"2019-03","Canada","2016A000011124","Average hourly wage rate","Both full- and part-time employees","Information, culture and recreation [51, 71]","Both sexes","15 years and over","Current dollars","75","units","0","v2132634","1.2.1.16.1.1","25.55","","","","2"
"2019-04","Canada","2016A000011124","Average hourly wage rate","Both full- and part-time employees","Information, culture and recreation [51, 71]","Both sexes","15 years and over","Current dollars","75","units","0","v2132634","1.2.1.16.1.1","25.76","","","","2"
"2019-05","Canada","2016A000011124","Average hourly wage rate","Both full- and part-time employees","Information, culture and recreation [51, 71]","Both sexes","15 years and over","Current dollars","75","units","0","v2132634","1.2.1.16.1.1","25.59","","","","2"
"2019-06","Canada","2016A000011124","Average hourly wage rate","Both full- and part-time employees","Information, culture and recreation [51, 71]","Both sexes","15 years and over","Current dollars","75","units","0","v2132634","1.2.1.16.1.1","25.59","","","","2"
"2019-07","Canada","2016A000011124","Average hourly wage rate","Both full- and part-time employees","Information, culture and recreation [51, 71]","Both sexes","15 years and over","Current dollars","75","units","0","v2132634","1.2.1.16.1.1","24.90","","","","2"
"2019-08","Canada","2016A000011124","Average hourly wage rate","Both full- and part-time employees","Information, culture and recreation [51, 71]","Both sexes","15 years and over","Current dollars","75","units","0","v2132634","1.2.1.16.1.1","24.90","","","","2"
"2019-09","Canada","2016A000011124","Average hourly wage rate","Both full- and part-time employees","Information, culture and recreation [51, 71]","Both sexes","15 years and over","Current dollars","75","units","0","v2132634","1.2.1.16.1.1","26.77","","","","2"
"2019-10","Canada","2016A000011124","Average hourly wage rate","Both full- and part-time employees","Information, culture and recreation [51, 71]","Both sexes","15 years and over","Current dollars","75","units","0","v2132634","1.2.1.16.1.1","27.19","","","","2"
"2019-11","Canada","2016A000011124","Average hourly wage rate","Both full- and part-time employees","Information, culture and recreation [51, 71]","Both sexes","15 years and over","Current dollars","75","units","0","v2132634","1.2.1.16.1.1","27.78","","","","2"
"2019-12","Canada","2016A000011124","Average hourly wage rate","Both full- and part-time employees","Information, culture and recreation [51, 71]","Both sexes","15 years and over","Current dollars","75","units","0","v2132634","1.2.1.16.1.1","27.57","","","","2"
"2020-01","Canada","2016A000011124","Average hourly wage rate","Both full- and part-time employees","Information, culture and recreation [51, 71]","Both sexes","15 years and over","Current dollars","75","units","0","v2132634","1.2.1.16.1.1","27.27","","","","2"
"2020-02","Canada","2016A000011124","Average hourly wage rate","Both full- and part-time employees","Information, culture and recreation [51, 71]","Both sexes","15 years and over","Current dollars","75","units","0","v2132634","1.2.1.16.1.1","27.26","","","","2"
"2020-03","Canada","2016A000011124","Average hourly wage rate","Both full- and part-time employees","Information, culture and recreation [51, 71]","Both sexes","15 years and over","Current dollars","75","units","0","v2132634","1.2.1.16.1.1","29.34","","","","2"
"2020-04","Canada","2016A000011124","Average hourly wage rate","Both full- and part-time employees","Information, culture and recreation [51, 71]","Both sexes","15 years and over","Current dollars","75","units","0","v2132634","1.2.1.16.1.1","31.46","","","","2"
"2020-05","Canada","2016A000011124","Average hourly wage rate","Both full- and part-time employees","Information, culture and recreation [51, 71]","Both sexes","15 years and over","Current dollars","75","units","0","v2132634","1.2.1.16.1.1","31.01","","","","2"
"2019-01","Canada","2016A000011124","Average hourly wage rate","Both full- and part-time employees","Accommodation and food services [72]","Both sexes","15 years and over","Current dollars","75","units","0","v2132644","1.2.1.17.1.1","16.67","","","","2"
"2019-02","Canada","2016A000011124","Average hourly wage rate","Both full- and part-time employees","Accommodation and food services [72]","Both sexes","15 years and over","Current dollars","75","units","0","v2132644","1.2.1.17.1.1","16.53","","","","2"
"2019-03","Canada","2016A000011124","Average hourly wage rate","Both full- and part-time employees","Accommodation and food services [72]","Both sexes","15 years and over","Current dollars","75","units","0","v2132644","1.2.1.17.1.1","16.37","","","","2"
"2019-04","Canada","2016A000011124","Average hourly wage rate","Both full- and part-time employees","Accommodation and food services [72]","Both sexes","15 years and over","Current dollars","75","units","0","v2132644","1.2.1.17.1.1","16.49","","","","2"
"2019-05","Canada","2016A000011124","Average hourly wage rate","Both full- and part-time employees","Accommodation and food services [72]","Both sexes","15 years and over","Current dollars","75","units","0","v2132644","1.2.1.17.1.1","16.19","","","","2"
"2019-06","Canada","2016A000011124","Average hourly wage rate","Both full- and part-time employees","Accommodation and food services [72]","Both sexes","15 years and over","Current dollars","75","units","0","v2132644","1.2.1.17.1.1","16.40","","","","2"
"2019-07","Canada","2016A000011124","Average hourly wage rate","Both full- and part-time employees","Accommodation and food services [72]","Both sexes","15 years and over","Current dollars","75","units","0","v2132644","1.2.1.17.1.1","16.40","","","","2"
"2019-08","Canada","2016A000011124","Average hourly wage rate","Both full- and part-time employees","Accommodation and food services [72]","Both sexes","15 years and over","Current dollars","75","units","0","v2132644","1.2.1.17.1.1","16.49","","","","2"
"2019-09","Canada","2016A000011124","Average hourly wage rate","Both full- and part-time employees","Accommodation and food services [72]","Both sexes","15 years and over","Current dollars","75","units","0","v2132644","1.2.1.17.1.1","16.73","","","","2"
"2019-10","Canada","2016A000011124","Average hourly wage rate","Both full- and part-time employees","Accommodation and food services [72]","Both sexes","15 years and over","Current dollars","75","units","0","v2132644","1.2.1.17.1.1","16.72","","","","2"
"2019-11","Canada","2016A000011124","Average hourly wage rate","Both full- and part-time employees","Accommodation and food services [72]","Both sexes","15 years and over","Current dollars","75","units","0","v2132644","1.2.1.17.1.1","16.70","","","","2"
"2019-12","Canada","2016A000011124","Average hourly wage rate","Both full- and part-time employees","Accommodation and food services [72]","Both sexes","15 years and over","Current dollars","75","units","0","v2132644","1.2.1.17.1.1","16.81","","","","2"
"2020-01","Canada","2016A000011124","Average hourly wage rate","Both full- and part-time employees","Accommodation and food services [72]","Both sexes","15 years and over","Current dollars","75","units","0","v2132644","1.2.1.17.1.1","16.86","","","","2"
"2020-02","Canada","2016A000011124","Average hourly wage rate","Both full- and part-time employees","Accommodation and food services [72]","Both sexes","15 years and over","Current dollars","75","units","0","v2132644","1.2.1.17.1.1","16.84","","","","2"
"2020-03","Canada","2016A000011124","Average hourly wage rate","Both full- and part-time employees","Accommodation and food services [72]","Both sexes","15 years and over","Current dollars","75","units","0","v2132644","1.2.1.17.1.1","16.86","","","","2"
"2020-04","Canada","2016A000011124","Average hourly wage rate","Both full- and part-time employees","Accommodation and food services [72]","Both sexes","15 years and over","Current dollars","75","units","0","v2132644","1.2.1.17.1.1","17.37","","","","2"
"2020-05","Canada","2016A000011124","Average hourly wage rate","Both full- and part-time employees","Accommodation and food services [72]","Both sexes","15 years and over","Current dollars","75","units","0","v2132644","1.2.1.17.1.1","17.36","","","","2"
"2019-01","Canada","2016A000011124","Average hourly wage rate","Both full- and part-time employees","Other services (except public administration) [81]","Both sexes","15 years and over","Current dollars","75","units","0","v2132649","1.2.1.18.1.1","23.40","","","","2"
"2019-02","Canada","2016A000011124","Average hourly wage rate","Both full- and part-time employees","Other services (except public administration) [81]","Both sexes","15 years and over","Current dollars","75","units","0","v2132649","1.2.1.18.1.1","23.38","","","","2"
"2019-03","Canada","2016A000011124","Average hourly wage rate","Both full- and part-time employees","Other services (except public administration) [81]","Both sexes","15 years and over","Current dollars","75","units","0","v2132649","1.2.1.18.1.1","23.48","","","","2"
"2019-04","Canada","2016A000011124","Average hourly wage rate","Both full- and part-time employees","Other services (except public administration) [81]","Both sexes","15 years and over","Current dollars","75","units","0","v2132649","1.2.1.18.1.1","23.51","","","","2"
"2019-05","Canada","2016A000011124","Average hourly wage rate","Both full- and part-time employees","Other services (except public administration) [81]","Both sexes","15 years and over","Current dollars","75","units","0","v2132649","1.2.1.18.1.1","23.83","","","","2"
"2019-06","Canada","2016A000011124","Average hourly wage rate","Both full- and part-time employees","Other services (except public administration) [81]","Both sexes","15 years and over","Current dollars","75","units","0","v2132649","1.2.1.18.1.1","23.58","","","","2"
"2019-07","Canada","2016A000011124","Average hourly wage rate","Both full- and part-time employees","Other services (except public administration) [81]","Both sexes","15 years and over","Current dollars","75","units","0","v2132649","1.2.1.18.1.1","23.64","","","","2"
"2019-08","Canada","2016A000011124","Average hourly wage rate","Both full- and part-time employees","Other services (except public administration) [81]","Both sexes","15 years and over","Current dollars","75","units","0","v2132649","1.2.1.18.1.1","23.93","","","","2"
"2019-09","Canada","2016A000011124","Average hourly wage rate","Both full- and part-time employees","Other services (except public administration) [81]","Both sexes","15 years and over","Current dollars","75","units","0","v2132649","1.2.1.18.1.1","24.32","","","","2"
"2019-10","Canada","2016A000011124","Average hourly wage rate","Both full- and part-time employees","Other services (except public administration) [81]","Both sexes","15 years and over","Current dollars","75","units","0","v2132649","1.2.1.18.1.1","24.25","","","","2"
"2019-11","Canada","2016A000011124","Average hourly wage rate","Both full- and part-time employees","Other services (except public administration) [81]","Both sexes","15 years and over","Current dollars","75","units","0","v2132649","1.2.1.18.1.1","24.36","","","","2"
"2019-12","Canada","2016A000011124","Average hourly wage rate","Both full- and part-time employees","Other services (except public administration) [81]","Both sexes","15 years and over","Current dollars","75","units","0","v2132649","1.2.1.18.1.1","24.68","","","","2"
"2020-01","Canada","2016A000011124","Average hourly wage rate","Both full- and part-time employees","Other services (except public administration) [81]","Both sexes","15 years and over","Current dollars","75","units","0","v2132649","1.2.1.18.1.1","25.23","","","","2"
"2020-02","Canada","2016A000011124","Average hourly wage rate","Both full- and part-time employees","Other services (except public administration) [81]","Both sexes","15 years and over","Current dollars","75","units","0","v2132649","1.2.1.18.1.1","25.29","","","","2"
"2020-03","Canada","2016A000011124","Average hourly wage rate","Both full- and part-time employees","Other services (except public administration) [81]","Both sexes","15 years and over","Current dollars","75","units","0","v2132649","1.2.1.18.1.1","25.48","","","","2"
"2020-04","Canada","2016A000011124","Average hourly wage rate","Both full- and part-time employees","Other services (except public administration) [81]","Both sexes","15 years and over","Current dollars","75","units","0","v2132649","1.2.1.18.1.1","27.06","","","","2"
"2020-05","Canada","2016A000011124","Average hourly wage rate","Both full- and part-time employees","Other services (except public administration) [81]","Both sexes","15 years and over","Current dollars","75","units","0","v2132649","1.2.1.18.1.1","26.83","","","","2"
"2019-01","Canada","2016A000011124","Average hourly wage rate","Both full- and part-time employees","Public administration [91]","Both sexes","15 years and over","Current dollars","75","units","0","v2132669","1.2.1.19.1.1","36.99","","","","2"
"2019-02","Canada","2016A000011124","Average hourly wage rate","Both full- and part-time employees","Public administration [91]","Both sexes","15 years and over","Current dollars","75","units","0","v2132669","1.2.1.19.1.1","37.27","","","","2"
"2019-03","Canada","2016A000011124","Average hourly wage rate","Both full- and part-time employees","Public administration [91]","Both sexes","15 years and over","Current dollars","75","units","0","v2132669","1.2.1.19.1.1","37.18","","","","2"
"2019-04","Canada","2016A000011124","Average hourly wage rate","Both full- and part-time employees","Public administration [91]","Both sexes","15 years and over","Current dollars","75","units","0","v2132669","1.2.1.19.1.1","37.37","","","","2"
"2019-05","Canada","2016A000011124","Average hourly wage rate","Both full- and part-time employees","Public administration [91]","Both sexes","15 years and over","Current dollars","75","units","0","v2132669","1.2.1.19.1.1","37.27","","","","2"
"2019-06","Canada","2016A000011124","Average hourly wage rate","Both full- and part-time employees","Public administration [91]","Both sexes","15 years and over","Current dollars","75","units","0","v2132669","1.2.1.19.1.1","37.27","","","","2"
"2019-07","Canada","2016A000011124","Average hourly wage rate","Both full- and part-time employees","Public administration [91]","Both sexes","15 years and over","Current dollars","75","units","0","v2132669","1.2.1.19.1.1","37.29","","","","2"
"2019-08","Canada","2016A000011124","Average hourly wage rate","Both full- and part-time employees","Public administration [91]","Both sexes","15 years and over","Current dollars","75","units","0","v2132669","1.2.1.19.1.1","37.04","","","","2"
"2019-09","Canada","2016A000011124","Average hourly wage rate","Both full- and part-time employees","Public administration [91]","Both sexes","15 years and over","Current dollars","75","units","0","v2132669","1.2.1.19.1.1","38.01","","","","2"
"2019-10","Canada","2016A000011124","Average hourly wage rate","Both full- and part-time employees","Public administration [91]","Both sexes","15 years and over","Current dollars","75","units","0","v2132669","1.2.1.19.1.1","38.03","","","","2"
"2019-11","Canada","2016A000011124","Average hourly wage rate","Both full- and part-time employees","Public administration [91]","Both sexes","15 years and over","Current dollars","75","units","0","v2132669","1.2.1.19.1.1","38.51","","","","2"
"2019-12","Canada","2016A000011124","Average hourly wage rate","Both full- and part-time employees","Public administration [91]","Both sexes","15 years and over","Current dollars","75","units","0","v2132669","1.2.1.19.1.1","38.77","","","","2"
"2020-01","Canada","2016A000011124","Average hourly wage rate","Both full- and part-time employees","Public administration [91]","Both sexes","15 years and over","Current dollars","75","units","0","v2132669","1.2.1.19.1.1","39.08","","","","2"
"2020-02","Canada","2016A000011124","Average hourly wage rate","Both full- and part-time employees","Public administration [91]","Both sexes","15 years and over","Current dollars","75","units","0","v2132669","1.2.1.19.1.1","39.37","","","","2"
"2020-03","Canada","2016A000011124","Average hourly wage rate","Both full- and part-time employees","Public administration [91]","Both sexes","15 years and over","Current dollars","75","units","0","v2132669","1.2.1.19.1.1","39.61","","","","2"
"2020-04","Canada","2016A000011124","Average hourly wage rate","Both full- and part-time employees","Public administration [91]","Both sexes","15 years and over","Current dollars","75","units","0","v2132669","1.2.1.19.1.1","40.46","","","","2"
"2020-05","Canada","2016A000011124","Average hourly wage rate","Both full- and part-time employees","Public administration [91]","Both sexes","15 years and over","Current dollars","75","units","0","v2132669","1.2.1.19.1.1","39.66","","","","2"


